name;firstname;Password;profilePath;homeDirectory;homeDrive
MILLE;Jean;P@$$w0rd!1;\\AD-PRO-1\UserProfile\;\\AD-PRO-1\home\;J:
MARTIN;Philippe;P@$$w0rd!1;\\AD-PRO-1\UserProfile\;\\AD-PRO-1\home\;J:
MARTIN;Léa;P@$$w0rd!1;\\AD-PRO-1\UserProfile\;\\AD-PRO-1\home\;J:
BERNARD;Thomas;P@$$w0rd!1;\\AD-PRO-1\UserProfile\;\\AD-PRO-1\home\;J:
ROUX;Lucas;P@$$w0rd!1;\\AD-PRO-1\UserProfile\;\\AD-PRO-1\home\;J:
THOMAS;Théo;P@$$w0rd!1;\\AD-PRO-1\UserProfile\;\\AD-PRO-1\home\;J:
PETIT;Manon;P@$$w0rd!1;\\AD-PRO-1\UserProfile\;\\AD-PRO-1\home\;J:
DURAND;Hugo;P@$$w0rd!1;\\AD-PRO-1\UserProfile\;\\AD-PRO-1\home\;J:
MICHEL;Camille;P@$$w0rd!1;\\AD-PRO-1\UserProfile\;\\AD-PRO-1\home\;J:
ROBERT;Chloé;P@$$w0rd!1;\\AD-PRO-1\UserProfile\;\\AD-PRO-1\home\;J:
RICHARD;Emma;P@$$w0rd!1;\\AD-PRO-1\UserProfile\;\\AD-PRO-1\home\;J:
SIMON;Maxime;P@$$w0rd!1;\\AD-PRO-1\UserProfile\;\\AD-PRO-1\home\;J:
MOREAU;Nicolas;P@$$w0rd!1;\\AD-PRO-1\UserProfile\;\\AD-PRO-1\home\;J:
DUBOIS;Quentin;P@$$w0rd!1;\\AD-PRO-1\UserProfile\;\\AD-PRO-1\home\;J:
BLANC;Marie;P@$$w0rd!1;\\AD-PRO-1\UserProfile\;\\AD-PRO-1\home\;J:
LAURENT;Alexandre;P@$$w0rd!1;\\AD-PRO-1\UserProfile\;\\AD-PRO-1\home\;J:
GIRARD;Océane;P@$$w0rd!1;\\AD-PRO-1\UserProfile\;\\AD-PRO-1\home\;J:
BERTRAND;Antoine;P@$$w0rd!1;\\AD-PRO-1\UserProfile\;\\AD-PRO-1\home\;J:
GARNIER;Clément;P@$$w0rd!1;\\AD-PRO-1\UserProfile\;\\AD-PRO-1\home\;J:
DAVID;Alexis;P@$$w0rd!1;\\AD-PRO-1\UserProfile\;\\AD-PRO-1\home\;J:
MOREL;Sarah;P@$$w0rd!1;\\AD-PRO-1\UserProfile\;\\AD-PRO-1\home\;J:
GUERIN;Laura;P@$$w0rd!1;\\AD-PRO-1\UserProfile\;\\AD-PRO-1\home\;J:
FOURNIER;Valentin;P@$$w0rd!1;\\AD-PRO-1\UserProfile\;\\AD-PRO-1\home\;J:
ROY;Mathilde;P@$$w0rd!1;\\AD-PRO-1\UserProfile\;\\AD-PRO-1\home\;J:
ROUSSEAU;Julien;P@$$w0rd!1;\\AD-PRO-1\UserProfile\;\\AD-PRO-1\home\;J:
ANDRE;Julie;P@$$w0rd!1;\\AD-PRO-1\UserProfile\;\\AD-PRO-1\home\;J:
GAUTIER;Marine;P@$$w0rd!1;\\AD-PRO-1\UserProfile\;\\AD-PRO-1\home\;J:
BONNET;Romain;P@$$w0rd!1;\\AD-PRO-1\UserProfile\;\\AD-PRO-1\home\;J:
LAMBERT;Florian;P@$$w0rd!1;\\AD-PRO-1\UserProfile\;\\AD-PRO-1\home\;J:
HENRY;Louis;P@$$w0rd!1;\\AD-PRO-1\UserProfile\;\\AD-PRO-1\home\;J:
FAURE;Pauline;P@$$w0rd!1;\\AD-PRO-1\UserProfile\;\\AD-PRO-1\home\;J:
MERCIER;Benjamin;P@$$w0rd!1;\\AD-PRO-1\UserProfile\;\\AD-PRO-1\home\;J:
VINCENT;Paul;P@$$w0rd!1;\\AD-PRO-1\UserProfile\;\\AD-PRO-1\home\;J:
CHEVALIER;Pierre;P@$$w0rd!1;\\AD-PRO-1\UserProfile\;\\AD-PRO-1\home\;J:
LEROY;Lucie;P@$$w0rd!1;\\AD-PRO-1\UserProfile\;\\AD-PRO-1\home\;J:
MARCHAND;Anaïs;P@$$w0rd!1;\\AD-PRO-1\UserProfile\;\\AD-PRO-1\home\;J:
PERRIN;Baptiste;P@$$w0rd!1;\\AD-PRO-1\UserProfile\;\\AD-PRO-1\home\;J:
MORIN;Enzo;P@$$w0rd!1;\\AD-PRO-1\UserProfile\;\\AD-PRO-1\home\;J:
MASSON;Dylan;P@$$w0rd!1;\\AD-PRO-1\UserProfile\;\\AD-PRO-1\home\;J:
GIRAUD;Kevin;P@$$w0rd!1;\\AD-PRO-1\UserProfile\;\\AD-PRO-1\home\;J:
DUPONT;Inès;P@$$w0rd!1;\\AD-PRO-1\UserProfile\;\\AD-PRO-1\home\;J:
ROBIN;Anthony;P@$$w0rd!1;\\AD-PRO-1\UserProfile\;\\AD-PRO-1\home\;J:
NICOLAS;Clara;P@$$w0rd!1;\\AD-PRO-1\UserProfile\;\\AD-PRO-1\home\;J:
BRUN;Adrien;P@$$w0rd!1;\\AD-PRO-1\UserProfile\;\\AD-PRO-1\home\;J:
MATHIEU;Tom;P@$$w0rd!1;\\AD-PRO-1\UserProfile\;\\AD-PRO-1\home\;J:
CLEMENT;Guillaume;P@$$w0rd!1;\\AD-PRO-1\UserProfile\;\\AD-PRO-1\home\;J:
LEFEBVRE;Arthur;P@$$w0rd!1;\\AD-PRO-1\UserProfile\;\\AD-PRO-1\home\;J:
FABRE;Corentin;P@$$w0rd!1;\\AD-PRO-1\UserProfile\;\\AD-PRO-1\home\;J:
BARBIER;Léo;P@$$w0rd!1;\\AD-PRO-1\UserProfile\;\\AD-PRO-1\home\;J:
FRANCOIS;Justine;P@$$w0rd!1;\\AD-PRO-1\UserProfile\;\\AD-PRO-1\home\;J:
ROUSSEL;Nathan;P@$$w0rd!1;\\AD-PRO-1\UserProfile\;\\AD-PRO-1\home\;J:
ARNAUD;Mathieu;P@$$w0rd!1;\\AD-PRO-1\UserProfile\;\\AD-PRO-1\home\;J:
GERARD;Lisa;P@$$w0rd!1;\\AD-PRO-1\UserProfile\;\\AD-PRO-1\home\;J:
AUBERT;Maeva;P@$$w0rd!1;\\AD-PRO-1\UserProfile\;\\AD-PRO-1\home\;J:
DUVAL;Juliette;P@$$w0rd!1;\\AD-PRO-1\UserProfile\;\\AD-PRO-1\home\;J:
LEGRAND;Marion;P@$$w0rd!1;\\AD-PRO-1\UserProfile\;\\AD-PRO-1\home\;J:
BLANCHARD;Morgane;P@$$w0rd!1;\\AD-PRO-1\UserProfile\;\\AD-PRO-1\home\;J:
BRUNET;Charlotte;P@$$w0rd!1;\\AD-PRO-1\UserProfile\;\\AD-PRO-1\home\;J:
LEFEVRE;Axel;P@$$w0rd!1;\\AD-PRO-1\UserProfile\;\\AD-PRO-1\home\;J:
DENIS;Emilie;P@$$w0rd!1;\\AD-PRO-1\UserProfile\;\\AD-PRO-1\home\;J:
BRETON;Vincent;P@$$w0rd!1;\\AD-PRO-1\UserProfile\;\\AD-PRO-1\home\;J:
PIERRE;Eva;P@$$w0rd!1;\\AD-PRO-1\UserProfile\;\\AD-PRO-1\home\;J:
ROCHE;Victor;P@$$w0rd!1;\\AD-PRO-1\UserProfile\;\\AD-PRO-1\home\;J:
PARIS;Louise;P@$$w0rd!1;\\AD-PRO-1\UserProfile\;\\AD-PRO-1\home\;J:
BOYER;Margaux;P@$$w0rd!1;\\AD-PRO-1\UserProfile\;\\AD-PRO-1\home\;J:
COLIN;Jérémy;P@$$w0rd!1;\\AD-PRO-1\UserProfile\;\\AD-PRO-1\home\;J:
FONTAINE;Amandine;P@$$w0rd!1;\\AD-PRO-1\UserProfile\;\\AD-PRO-1\home\;J:
JEAN;Noémie;P@$$w0rd!1;\\AD-PRO-1\UserProfile\;\\AD-PRO-1\home\;J:
BOURGEOIS;Mathis;P@$$w0rd!1;\\AD-PRO-1\UserProfile\;\\AD-PRO-1\home\;J:
GAILLARD;Clémence;P@$$w0rd!1;\\AD-PRO-1\UserProfile\;\\AD-PRO-1\home\;J:
NOEL;Célia;P@$$w0rd!1;\\AD-PRO-1\UserProfile\;\\AD-PRO-1\home\;J:
DUMAS;Mélissa;P@$$w0rd!1;\\AD-PRO-1\UserProfile\;\\AD-PRO-1\home\;J:
PICARD;Elisa;P@$$w0rd!1;\\AD-PRO-1\UserProfile\;\\AD-PRO-1\home\;J:
BRIAND;Amélie;P@$$w0rd!1;\\AD-PRO-1\UserProfile\;\\AD-PRO-1\home\;J:
LUCAS;Bastien;P@$$w0rd!1;\\AD-PRO-1\UserProfile\;\\AD-PRO-1\home\;J:
ROLLAND;Loïc;P@$$w0rd!1;\\AD-PRO-1\UserProfile\;\\AD-PRO-1\home\;J:
JOLY;Mélanie;P@$$w0rd!1;\\AD-PRO-1\UserProfile\;\\AD-PRO-1\home\;J:
LECLERC;Simon;P@$$w0rd!1;\\AD-PRO-1\UserProfile\;\\AD-PRO-1\home\;J:
RENARD;Jade;P@$$w0rd!1;\\AD-PRO-1\UserProfile\;\\AD-PRO-1\home\;J:
ROGER;Samuel;P@$$w0rd!1;\\AD-PRO-1\UserProfile\;\\AD-PRO-1\home\;J:
DUFOUR;Damien;P@$$w0rd!1;\\AD-PRO-1\UserProfile\;\\AD-PRO-1\home\;J:
OLIVIER;Dorian;P@$$w0rd!1;\\AD-PRO-1\UserProfile\;\\AD-PRO-1\home\;J:
GAUTHIER;Jordan;P@$$w0rd!1;\\AD-PRO-1\UserProfile\;\\AD-PRO-1\home\;J:
MARIE;Raphaël;P@$$w0rd!1;\\AD-PRO-1\UserProfile\;\\AD-PRO-1\home\;J:
GUILLOU;Jules;P@$$w0rd!1;\\AD-PRO-1\UserProfile\;\\AD-PRO-1\home\;J:
GUILLAUME;Romane;P@$$w0rd!1;\\AD-PRO-1\UserProfile\;\\AD-PRO-1\home\;J:
HERVE;Elodie;P@$$w0rd!1;\\AD-PRO-1\UserProfile\;\\AD-PRO-1\home\;J:
LEROUX;Rémi;P@$$w0rd!1;\\AD-PRO-1\UserProfile\;\\AD-PRO-1\home\;J:
BAILLY;Alice;P@$$w0rd!1;\\AD-PRO-1\UserProfile\;\\AD-PRO-1\home\;J:
DUMONT;Maxence;P@$$w0rd!1;\\AD-PRO-1\UserProfile\;\\AD-PRO-1\home\;J:
PHILIPPE;Laurine;P@$$w0rd!1;\\AD-PRO-1\UserProfile\;\\AD-PRO-1\home\;J:
BOUCHER;Thibault;P@$$w0rd!1;\\AD-PRO-1\UserProfile\;\\AD-PRO-1\home\;J:
RENAUD;Elise;P@$$w0rd!1;\\AD-PRO-1\UserProfile\;\\AD-PRO-1\home\;J:
DESCHAMPS;Margot;P@$$w0rd!1;\\AD-PRO-1\UserProfile\;\\AD-PRO-1\home\;J:
HAMON;Tristan;P@$$w0rd!1;\\AD-PRO-1\UserProfile\;\\AD-PRO-1\home\;J:
REY;Matthieu;P@$$w0rd!1;\\AD-PRO-1\UserProfile\;\\AD-PRO-1\home\;J:
ROYER;Yanis;P@$$w0rd!1;\\AD-PRO-1\UserProfile\;\\AD-PRO-1\home\;J:
MEUNIER;Jeanne;P@$$w0rd!1;\\AD-PRO-1\UserProfile\;\\AD-PRO-1\home\;J:
CHARPENTIER;Killian;P@$$w0rd!1;\\AD-PRO-1\UserProfile\;\\AD-PRO-1\home\;J:
BARON;Audrey;P@$$w0rd!1;\\AD-PRO-1\UserProfile\;\\AD-PRO-1\home\;J:
HUET;Aurélien;P@$$w0rd!1;\\AD-PRO-1\UserProfile\;\\AD-PRO-1\home\;J:
RIVIERE;Claire;P@$$w0rd!1;\\AD-PRO-1\UserProfile\;\\AD-PRO-1\home\;J:
CARRE;Bryan;P@$$w0rd!1;\\AD-PRO-1\UserProfile\;\\AD-PRO-1\home\;J:
BERGER;Alicia;P@$$w0rd!1;\\AD-PRO-1\UserProfile\;\\AD-PRO-1\home\;J:
PREVOST;Martin;P@$$w0rd!1;\\AD-PRO-1\UserProfile\;\\AD-PRO-1\home\;J:
AUBRY;Fanny;P@$$w0rd!1;\\AD-PRO-1\UserProfile\;\\AD-PRO-1\home\;J:
VIDAL;Carla;P@$$w0rd!1;\\AD-PRO-1\UserProfile\;\\AD-PRO-1\home\;J:
LEMOINE;David;P@$$w0rd!1;\\AD-PRO-1\UserProfile\;\\AD-PRO-1\home\;J:
LEMAIRE;Gabriel;P@$$w0rd!1;\\AD-PRO-1\UserProfile\;\\AD-PRO-1\home\;J:
LACROIX;William;P@$$w0rd!1;\\AD-PRO-1\UserProfile\;\\AD-PRO-1\home\;J:
GUILLOT;Solène;P@$$w0rd!1;\\AD-PRO-1\UserProfile\;\\AD-PRO-1\home\;J:
GRAND;Agathe;P@$$w0rd!1;\\AD-PRO-1\UserProfile\;\\AD-PRO-1\home\;J:
ADAM;Valentine;P@$$w0rd!1;\\AD-PRO-1\UserProfile\;\\AD-PRO-1\home\;J:
GALL;Lola;P@$$w0rd!1;\\AD-PRO-1\UserProfile\;\\AD-PRO-1\home\;J:
GUYOT;Zoé;P@$$w0rd!1;\\AD-PRO-1\UserProfile\;\\AD-PRO-1\home\;J:
PERROT;Coralie;P@$$w0rd!1;\\AD-PRO-1\UserProfile\;\\AD-PRO-1\home\;J:
GOFF;Alexia;P@$$w0rd!1;\\AD-PRO-1\UserProfile\;\\AD-PRO-1\home\;J:
FLEURY;Yann;P@$$w0rd!1;\\AD-PRO-1\UserProfile\;\\AD-PRO-1\home\;J:
DUPUY;Estelle;P@$$w0rd!1;\\AD-PRO-1\UserProfile\;\\AD-PRO-1\home\;J:
DANIEL;Mohamed;P@$$w0rd!1;\\AD-PRO-1\UserProfile\;\\AD-PRO-1\home\;J:
JULIEN;Laurie;P@$$w0rd!1;\\AD-PRO-1\UserProfile\;\\AD-PRO-1\home\;J:
OLLIVIER;Cassandra;P@$$w0rd!1;\\AD-PRO-1\UserProfile\;\\AD-PRO-1\home\;J:
HUBERT;Sébastien;P@$$w0rd!1;\\AD-PRO-1\UserProfile\;\\AD-PRO-1\home\;J:
MILLET;Léna;P@$$w0rd!1;\\AD-PRO-1\UserProfile\;\\AD-PRO-1\home\;J:
GERMAIN;Jonathan;P@$$w0rd!1;\\AD-PRO-1\UserProfile\;\\AD-PRO-1\home\;J:
LOUIS;Steven;P@$$w0rd!1;\\AD-PRO-1\UserProfile\;\\AD-PRO-1\home\;J:
CLERC;Arnaud;P@$$w0rd!1;\\AD-PRO-1\UserProfile\;\\AD-PRO-1\home\;J:
LANGLOIS;Robin;P@$$w0rd!1;\\AD-PRO-1\UserProfile\;\\AD-PRO-1\home\;J:
PELLETIER;Kenza;P@$$w0rd!1;\\AD-PRO-1\UserProfile\;\\AD-PRO-1\home\;J:
BENOIT;Alexandra;P@$$w0rd!1;\\AD-PRO-1\UserProfile\;\\AD-PRO-1\home\;J:
BESSON;Tanguy;P@$$w0rd!1;\\AD-PRO-1\UserProfile\;\\AD-PRO-1\home\;J:
COLLET;Fabien;P@$$w0rd!1;\\AD-PRO-1\UserProfile\;\\AD-PRO-1\home\;J:
MOULIN;Maëlle;P@$$w0rd!1;\\AD-PRO-1\UserProfile\;\\AD-PRO-1\home\;J:
RENAULT;Andréa;P@$$w0rd!1;\\AD-PRO-1\UserProfile\;\\AD-PRO-1\home\;J:
COLLIN;Mehdi;P@$$w0rd!1;\\AD-PRO-1\UserProfile\;\\AD-PRO-1\home\;J:
JACQUET;Ambre;P@$$w0rd!1;\\AD-PRO-1\UserProfile\;\\AD-PRO-1\home\;J:
POIRIER;Emeline;P@$$w0rd!1;\\AD-PRO-1\UserProfile\;\\AD-PRO-1\home\;J:
COUSIN;Caroline;P@$$w0rd!1;\\AD-PRO-1\UserProfile\;\\AD-PRO-1\home\;J:
BOUVIER;Charles;P@$$w0rd!1;\\AD-PRO-1\UserProfile\;\\AD-PRO-1\home\;J:
CARON;Axelle;P@$$w0rd!1;\\AD-PRO-1\UserProfile\;\\AD-PRO-1\home\;J:
GILLET;Gaétan;P@$$w0rd!1;\\AD-PRO-1\UserProfile\;\\AD-PRO-1\home\;J:
HUMBERT;Mattéo;P@$$w0rd!1;\\AD-PRO-1\UserProfile\;\\AD-PRO-1\home\;J:
CHARLES;Erwan;P@$$w0rd!1;\\AD-PRO-1\UserProfile\;\\AD-PRO-1\home\;J:
REYNAUD;Aurélie;P@$$w0rd!1;\\AD-PRO-1\UserProfile\;\\AD-PRO-1\home\;J:
DUPUIS;Sophie;P@$$w0rd!1;\\AD-PRO-1\UserProfile\;\\AD-PRO-1\home\;J:
GROS;Thibaut;P@$$w0rd!1;\\AD-PRO-1\UserProfile\;\\AD-PRO-1\home\;J:
BARTHELEMY;Salomé;P@$$w0rd!1;\\AD-PRO-1\UserProfile\;\\AD-PRO-1\home\;J:
GUICHARD;Lilian;P@$$w0rd!1;\\AD-PRO-1\UserProfile\;\\AD-PRO-1\home\;J:
GAY;Victoria;P@$$w0rd!1;\\AD-PRO-1\UserProfile\;\\AD-PRO-1\home\;J:
MARCHAL;Julia;P@$$w0rd!1;\\AD-PRO-1\UserProfile\;\\AD-PRO-1\home\;J:
LECOMTE;Céline;P@$$w0rd!1;\\AD-PRO-1\UserProfile\;\\AD-PRO-1\home\;J:
MONNIER;Mickael;P@$$w0rd!1;\\AD-PRO-1\UserProfile\;\\AD-PRO-1\home\;J:
MAILLARD;Laure;P@$$w0rd!1;\\AD-PRO-1\UserProfile\;\\AD-PRO-1\home\;J:
FRANCE;Antonin;P@$$w0rd!1;\\AD-PRO-1\UserProfile\;\\AD-PRO-1\home\;J:
GAULTIER;Maël;P@$$w0rd!1;\\AD-PRO-1\UserProfile\;\\AD-PRO-1\home\;J:
JACOB;Mathias;P@$$w0rd!1;\\AD-PRO-1\UserProfile\;\\AD-PRO-1\home\;J:
CORRE;Allan;P@$$w0rd!1;\\AD-PRO-1\UserProfile\;\\AD-PRO-1\home\;J:
LEGER;Elsa;P@$$w0rd!1;\\AD-PRO-1\UserProfile\;\\AD-PRO-1\home\;J:
MULLER;Alex;P@$$w0rd!1;\\AD-PRO-1\UserProfile\;\\AD-PRO-1\home\;J:
MORVAN;Ophélie;P@$$w0rd!1;\\AD-PRO-1\UserProfile\;\\AD-PRO-1\home\;J:
PICHON;Christopher;P@$$w0rd!1;\\AD-PRO-1\UserProfile\;\\AD-PRO-1\home\;J:
CHAUVIN;Benoit;P@$$w0rd!1;\\AD-PRO-1\UserProfile\;\\AD-PRO-1\home\;J:
LEBRUN;Jean;P@$$w0rd!1;\\AD-PRO-1\UserProfile\;\\AD-PRO-1\home\;J:
MALLET;Ryan;P@$$w0rd!1;\\AD-PRO-1\UserProfile\;\\AD-PRO-1\home\;J:
REMY;Laëtitia;P@$$w0rd!1;\\AD-PRO-1\UserProfile\;\\AD-PRO-1\home\;J:
PAUL;Rémy;P@$$w0rd!1;\\AD-PRO-1\UserProfile\;\\AD-PRO-1\home\;J:
BARRE;Coline;P@$$w0rd!1;\\AD-PRO-1\UserProfile\;\\AD-PRO-1\home\;J:
BERTIN;Anna;P@$$w0rd!1;\\AD-PRO-1\UserProfile\;\\AD-PRO-1\home\;J:
PERRET;Nina;P@$$w0rd!1;\\AD-PRO-1\UserProfile\;\\AD-PRO-1\home\;J:
BUISSON;Eloïse;P@$$w0rd!1;\\AD-PRO-1\UserProfile\;\\AD-PRO-1\home\;J:
CHEVALLIER;Alan;P@$$w0rd!1;\\AD-PRO-1\UserProfile\;\\AD-PRO-1\home\;J:
BIGOT;Florent;P@$$w0rd!1;\\AD-PRO-1\UserProfile\;\\AD-PRO-1\home\;J:
MENARD;Lou;P@$$w0rd!1;\\AD-PRO-1\UserProfile\;\\AD-PRO-1\home\;J:
MEYER;Marina;P@$$w0rd!1;\\AD-PRO-1\UserProfile\;\\AD-PRO-1\home\;J:
MARECHAL;François;P@$$w0rd!1;\\AD-PRO-1\UserProfile\;\\AD-PRO-1\home\;J:
JOURDAN;Cloé;P@$$w0rd!1;\\AD-PRO-1\UserProfile\;\\AD-PRO-1\home\;J:
GILBERT;Tony;P@$$w0rd!1;\\AD-PRO-1\UserProfile\;\\AD-PRO-1\home\;J:
ANTOINE;Jason;P@$$w0rd!1;\\AD-PRO-1\UserProfile\;\\AD-PRO-1\home\;J:
REGNIER;Myriam;P@$$w0rd!1;\\AD-PRO-1\UserProfile\;\\AD-PRO-1\home\;J:
COSTE;Dimitri;P@$$w0rd!1;\\AD-PRO-1\UserProfile\;\\AD-PRO-1\home\;J:
BOURBON;Jessica;P@$$w0rd!1;\\AD-PRO-1\UserProfile\;\\AD-PRO-1\home\;J:
GEORGE;Clarisse;P@$$w0rd!1;\\AD-PRO-1\UserProfile\;\\AD-PRO-1\home\;J:
BESNARD;Etienne;P@$$w0rd!1;\\AD-PRO-1\UserProfile\;\\AD-PRO-1\home\;J:
RIOU;Aurore;P@$$w0rd!1;\\AD-PRO-1\UserProfile\;\\AD-PRO-1\home\;J:
LABBE;Anaëlle;P@$$w0rd!1;\\AD-PRO-1\UserProfile\;\\AD-PRO-1\home\;J:
THIERS;Ludovic;P@$$w0rd!1;\\AD-PRO-1\UserProfile\;\\AD-PRO-1\home\;J:
FLOCH;Cédric;P@$$w0rd!1;\\AD-PRO-1\UserProfile\;\\AD-PRO-1\home\;J:
IMBERT;Grégory;P@$$w0rd!1;\\AD-PRO-1\UserProfile\;\\AD-PRO-1\home\;J:
VALLEE;Adam;P@$$w0rd!1;\\AD-PRO-1\UserProfile\;\\AD-PRO-1\home\;J:
BLANCHET;Rayan;P@$$w0rd!1;\\AD-PRO-1\UserProfile\;\\AD-PRO-1\home\;J:
LAMY;Ludivine;P@$$w0rd!1;\\AD-PRO-1\UserProfile\;\\AD-PRO-1\home\;J:
CAMUS;Brice;P@$$w0rd!1;\\AD-PRO-1\UserProfile\;\\AD-PRO-1\home\;J:
BOULANGER;Clémentine;P@$$w0rd!1;\\AD-PRO-1\UserProfile\;\\AD-PRO-1\home\;J:
PASQUIER;Yannis;P@$$w0rd!1;\\AD-PRO-1\UserProfile\;\\AD-PRO-1\home\;J:
BENOIST;Sofiane;P@$$w0rd!1;\\AD-PRO-1\UserProfile\;\\AD-PRO-1\home\;J:
MARTEL;Lucile;P@$$w0rd!1;\\AD-PRO-1\UserProfile\;\\AD-PRO-1\home\;J:
DELAUNAY;Sacha;P@$$w0rd!1;\\AD-PRO-1\UserProfile\;\\AD-PRO-1\home\;J:
HUGO;Yasmine;P@$$w0rd!1;\\AD-PRO-1\UserProfile\;\\AD-PRO-1\home\;J:
MAHE;Kelly;P@$$w0rd!1;\\AD-PRO-1\UserProfile\;\\AD-PRO-1\home\;J:
FERRY;Esteban;P@$$w0rd!1;\\AD-PRO-1\UserProfile\;\\AD-PRO-1\home\;J:
LEBLANC;Jimmy;P@$$w0rd!1;\\AD-PRO-1\UserProfile\;\\AD-PRO-1\home\;J:
LOMBARD;Ilona;P@$$w0rd!1;\\AD-PRO-1\UserProfile\;\\AD-PRO-1\home\;J:
TEXIER;Cécile;P@$$w0rd!1;\\AD-PRO-1\UserProfile\;\\AD-PRO-1\home\;J:
CORDIER;Evan;P@$$w0rd!1;\\AD-PRO-1\UserProfile\;\\AD-PRO-1\home\;J:
ETIENNE;Charline;P@$$w0rd!1;\\AD-PRO-1\UserProfile\;\\AD-PRO-1\home\;J:
PONS;Grégoire;P@$$w0rd!1;\\AD-PRO-1\UserProfile\;\\AD-PRO-1\home\;J:
FAVRE;Yohan;P@$$w0rd!1;\\AD-PRO-1\UserProfile\;\\AD-PRO-1\home\;J:
GAUDIN;Maëlys;P@$$w0rd!1;\\AD-PRO-1\UserProfile\;\\AD-PRO-1\home\;J:
CARPENTIER;Sabrina;P@$$w0rd!1;\\AD-PRO-1\UserProfile\;\\AD-PRO-1\home\;J:
GUILLON;Aymeric;P@$$w0rd!1;\\AD-PRO-1\UserProfile\;\\AD-PRO-1\home\;J:
JOUBERT;Yoann;P@$$w0rd!1;\\AD-PRO-1\UserProfile\;\\AD-PRO-1\home\;J:
PASCAL;Héloïse;P@$$w0rd!1;\\AD-PRO-1\UserProfile\;\\AD-PRO-1\home\;J:
RICARD;Gaëlle;P@$$w0rd!1;\\AD-PRO-1\UserProfile\;\\AD-PRO-1\home\;J:
SEGUIN;Cyril;P@$$w0rd!1;\\AD-PRO-1\UserProfile\;\\AD-PRO-1\home\;J:
BOUCHET;Sylvain;P@$$w0rd!1;\\AD-PRO-1\UserProfile\;\\AD-PRO-1\home\;J:
SALMON;Lise;P@$$w0rd!1;\\AD-PRO-1\UserProfile\;\\AD-PRO-1\home\;J:
VAILLANT;Lina;P@$$w0rd!1;\\AD-PRO-1\UserProfile\;\\AD-PRO-1\home\;J:
HEBERT;Nolwenn;P@$$w0rd!1;\\AD-PRO-1\UserProfile\;\\AD-PRO-1\home\;J:
TANGUY;Samantha;P@$$w0rd!1;\\AD-PRO-1\UserProfile\;\\AD-PRO-1\home\;J:
POULAIN;Charlène;P@$$w0rd!1;\\AD-PRO-1\UserProfile\;\\AD-PRO-1\home\;J:
HARDY;Johanna;P@$$w0rd!1;\\AD-PRO-1\UserProfile\;\\AD-PRO-1\home\;J:
DIDIER;Jean-Baptiste;P@$$w0rd!1;\\AD-PRO-1\UserProfile\;\\AD-PRO-1\home\;J:
MASSE;Adeline;P@$$w0rd!1;\\AD-PRO-1\UserProfile\;\\AD-PRO-1\home\;J:
MICHAUD;Kylian;P@$$w0rd!1;\\AD-PRO-1\UserProfile\;\\AD-PRO-1\home\;J:
FERRAND;Mélina;P@$$w0rd!1;\\AD-PRO-1\UserProfile\;\\AD-PRO-1\home\;J:
NORMAND;Titouan;P@$$w0rd!1;\\AD-PRO-1\UserProfile\;\\AD-PRO-1\home\;J:
COMBES;Melvin;P@$$w0rd!1;\\AD-PRO-1\UserProfile\;\\AD-PRO-1\home\;J:
COLAS;Joris;P@$$w0rd!1;\\AD-PRO-1\UserProfile\;\\AD-PRO-1\home\;J:
COURTOIS;Matéo;P@$$w0rd!1;\\AD-PRO-1\UserProfile\;\\AD-PRO-1\home\;J:
ALBERT;Lorenzo;P@$$w0rd!1;\\AD-PRO-1\UserProfile\;\\AD-PRO-1\home\;J:
ROUSSET;Gwendoline;P@$$w0rd!1;\\AD-PRO-1\UserProfile\;\\AD-PRO-1\home\;J:
THIBAULT;Anissa;P@$$w0rd!1;\\AD-PRO-1\UserProfile\;\\AD-PRO-1\home\;J:
LEGENDRE;Cindy;P@$$w0rd!1;\\AD-PRO-1\UserProfile\;\\AD-PRO-1\home\;J:
DUPRE;Marc;P@$$w0rd!1;\\AD-PRO-1\UserProfile\;\\AD-PRO-1\home\;J:
MACE;Teddy;P@$$w0rd!1;\\AD-PRO-1\UserProfile\;\\AD-PRO-1\home\;J:
PERIER;Emilien;P@$$w0rd!1;\\AD-PRO-1\UserProfile\;\\AD-PRO-1\home\;J:
GODARD;Flavie;P@$$w0rd!1;\\AD-PRO-1\UserProfile\;\\AD-PRO-1\home\;J:
GREGOIRE;Léonie;P@$$w0rd!1;\\AD-PRO-1\UserProfile\;\\AD-PRO-1\home\;J:
PERRIER;Brandon;P@$$w0rd!1;\\AD-PRO-1\UserProfile\;\\AD-PRO-1\home\;J:
BERTHELOT;Sara;P@$$w0rd!1;\\AD-PRO-1\UserProfile\;\\AD-PRO-1\home\;J:
DELORME;Luca;P@$$w0rd!1;\\AD-PRO-1\UserProfile\;\\AD-PRO-1\home\;J:
GUIBERT;Capucine;P@$$w0rd!1;\\AD-PRO-1\UserProfile\;\\AD-PRO-1\home\;J:
POINCARE;Morgan;P@$$w0rd!1;\\AD-PRO-1\UserProfile\;\\AD-PRO-1\home\;J:
SAUVAGE;Déborah;P@$$w0rd!1;\\AD-PRO-1\UserProfile\;\\AD-PRO-1\home\;J:
MARION;Constance;P@$$w0rd!1;\\AD-PRO-1\UserProfile\;\\AD-PRO-1\home\;J:
GIRAULT;Adèle;P@$$w0rd!1;\\AD-PRO-1\UserProfile\;\\AD-PRO-1\home\;J:
CHARTIER;Kilian;P@$$w0rd!1;\\AD-PRO-1\UserProfile\;\\AD-PRO-1\home\;J:
MAUREL;Fiona;P@$$w0rd!1;\\AD-PRO-1\UserProfile\;\\AD-PRO-1\home\;J:
BARBE;Olivia;P@$$w0rd!1;\\AD-PRO-1\UserProfile\;\\AD-PRO-1\home\;J:
LESAGE;Tiffany;P@$$w0rd!1;\\AD-PRO-1\UserProfile\;\\AD-PRO-1\home\;J:
VIAL;Mathéo;P@$$w0rd!1;\\AD-PRO-1\UserProfile\;\\AD-PRO-1\home\;J:
ALLARD;Perrine;P@$$w0rd!1;\\AD-PRO-1\UserProfile\;\\AD-PRO-1\home\;J:
LAVAL;Loris;P@$$w0rd!1;\\AD-PRO-1\UserProfile\;\\AD-PRO-1\home\;J:
ALEXANDRE;Rachel;P@$$w0rd!1;\\AD-PRO-1\UserProfile\;\\AD-PRO-1\home\;J:
PRESIDENT;Olivier;P@$$w0rd!1;\\AD-PRO-1\UserProfile\;\\AD-PRO-1\home\;J:
LAUNAY;Ugo;P@$$w0rd!1;\\AD-PRO-1\UserProfile\;\\AD-PRO-1\home\;J:
MARIN;Gauthier;P@$$w0rd!1;\\AD-PRO-1\UserProfile\;\\AD-PRO-1\home\;J:
BOURDON;Emmanuel;P@$$w0rd!1;\\AD-PRO-1\UserProfile\;\\AD-PRO-1\home\;J:
COUTURIER;Marius;P@$$w0rd!1;\\AD-PRO-1\UserProfile\;\\AD-PRO-1\home\;J:
GRAS;Samy;P@$$w0rd!1;\\AD-PRO-1\UserProfile\;\\AD-PRO-1\home\;J:
BERARD;Bilal;P@$$w0rd!1;\\AD-PRO-1\UserProfile\;\\AD-PRO-1\home\;J:
COMTE;Johan;P@$$w0rd!1;\\AD-PRO-1\UserProfile\;\\AD-PRO-1\home\;J:
VERDIER;Alizée;P@$$w0rd!1;\\AD-PRO-1\UserProfile\;\\AD-PRO-1\home\;J:
MAIRE;Gabrielle;P@$$w0rd!1;\\AD-PRO-1\UserProfile\;\\AD-PRO-1\home\;J:
VOISIN;Xavier;P@$$w0rd!1;\\AD-PRO-1\UserProfile\;\\AD-PRO-1\home\;J:
GUILLET;Angélique;P@$$w0rd!1;\\AD-PRO-1\UserProfile\;\\AD-PRO-1\home\;J:
ALLAIN;Stéphane;P@$$w0rd!1;\\AD-PRO-1\UserProfile\;\\AD-PRO-1\home\;J:
MARTY;Amine;P@$$w0rd!1;\\AD-PRO-1\UserProfile\;\\AD-PRO-1\home\;J:
DEVAUX;Yassine;P@$$w0rd!1;\\AD-PRO-1\UserProfile\;\\AD-PRO-1\home\;J:
BAZIN;Hélène;P@$$w0rd!1;\\AD-PRO-1\UserProfile\;\\AD-PRO-1\home\;J:
BON;Luc;P@$$w0rd!1;\\AD-PRO-1\UserProfile\;\\AD-PRO-1\home\;J:
BODIN;Logan;P@$$w0rd!1;\\AD-PRO-1\UserProfile\;\\AD-PRO-1\home\;J:
JACQUES;Noé;P@$$w0rd!1;\\AD-PRO-1\UserProfile\;\\AD-PRO-1\home\;J:
MERLE;Enora;P@$$w0rd!1;\\AD-PRO-1\UserProfile\;\\AD-PRO-1\home\;J:
PRIGENT;Leïla;P@$$w0rd!1;\\AD-PRO-1\UserProfile\;\\AD-PRO-1\home\;J:
LAURENS;Alix;P@$$w0rd!1;\\AD-PRO-1\UserProfile\;\\AD-PRO-1\home\;J:
BRUNEAU;Matthias;P@$$w0rd!1;\\AD-PRO-1\UserProfile\;\\AD-PRO-1\home\;J:
BIHAN;Alison;P@$$w0rd!1;\\AD-PRO-1\UserProfile\;\\AD-PRO-1\home\;J:
LEDUC;Augustin;P@$$w0rd!1;\\AD-PRO-1\UserProfile\;\\AD-PRO-1\home\;J:
FOUCHER;Jennifer;P@$$w0rd!1;\\AD-PRO-1\UserProfile\;\\AD-PRO-1\home\;J:
BOUSQUET;Florine;P@$$w0rd!1;\\AD-PRO-1\UserProfile\;\\AD-PRO-1\home\;J:
MILLOT;Marvin;P@$$w0rd!1;\\AD-PRO-1\UserProfile\;\\AD-PRO-1\home\;J:
LEMAITRE;Sonia;P@$$w0rd!1;\\AD-PRO-1\UserProfile\;\\AD-PRO-1\home\;J:
POTIER;Flora;P@$$w0rd!1;\\AD-PRO-1\UserProfile\;\\AD-PRO-1\home\;J:
THIERRY;Cassandre;P@$$w0rd!1;\\AD-PRO-1\UserProfile\;\\AD-PRO-1\home\;J:
FOUQUET;Angèle;P@$$w0rd!1;\\AD-PRO-1\UserProfile\;\\AD-PRO-1\home\;J:
COULON;Candice;P@$$w0rd!1;\\AD-PRO-1\UserProfile\;\\AD-PRO-1\home\;J:
CHAUVET;Sandra;P@$$w0rd!1;\\AD-PRO-1\UserProfile\;\\AD-PRO-1\home\;J:
LEVEQUE;Tiphaine;P@$$w0rd!1;\\AD-PRO-1\UserProfile\;\\AD-PRO-1\home\;J:
MOAL;Joséphine;P@$$w0rd!1;\\AD-PRO-1\UserProfile\;\\AD-PRO-1\home\;J:
REGNAULT;Maud;P@$$w0rd!1;\\AD-PRO-1\UserProfile\;\\AD-PRO-1\home\;J:
BERNIER;Timothée;P@$$w0rd!1;\\AD-PRO-1\UserProfile\;\\AD-PRO-1\home\;J:
CH;Félix;P@$$w0rd!1;\\AD-PRO-1\UserProfile\;\\AD-PRO-1\home\;J:
GUYON;Jérémie;P@$$w0rd!1;\\AD-PRO-1\UserProfile\;\\AD-PRO-1\home\;J:
RAYMOND;Lauriane;P@$$w0rd!1;\\AD-PRO-1\UserProfile\;\\AD-PRO-1\home\;J:
MAURICE;Alban;P@$$w0rd!1;\\AD-PRO-1\UserProfile\;\\AD-PRO-1\home\;J:
PERON;Nassim;P@$$w0rd!1;\\AD-PRO-1\UserProfile\;\\AD-PRO-1\home\;J:
CHAUVEAU;Apolline;P@$$w0rd!1;\\AD-PRO-1\UserProfile\;\\AD-PRO-1\home\;J:
GILLES;Flavien;P@$$w0rd!1;\\AD-PRO-1\UserProfile\;\\AD-PRO-1\home\;J:
VASSEUR;Christophe;P@$$w0rd!1;\\AD-PRO-1\UserProfile\;\\AD-PRO-1\home\;J:
LECONTE;Thibaud;P@$$w0rd!1;\\AD-PRO-1\UserProfile\;\\AD-PRO-1\home\;J:
PAGE;Orlane;P@$$w0rd!1;\\AD-PRO-1\UserProfile\;\\AD-PRO-1\home\;J:
LESAFFRE;Jérôme;P@$$w0rd!1;\\AD-PRO-1\UserProfile\;\\AD-PRO-1\home\;J:
CORNIL;Oriane;P@$$w0rd!1;\\AD-PRO-1\UserProfile\;\\AD-PRO-1\home\;J:
HOUX;Julian;P@$$w0rd!1;\\AD-PRO-1\UserProfile\;\\AD-PRO-1\home\;J:
CACHIN;Yohann;P@$$w0rd!1;\\AD-PRO-1\UserProfile\;\\AD-PRO-1\home\;J:
